Designator,Footprint,Value,Assembly,Note
"C1","CP_Radial_D8.0mm_P3.50mm","100uF 10V electrolytic","hand",""
"C3,C5,C10","C_0603","100nF X7R 50V","SMT",""
"C4,C8","CP_Radial_D10.0mm_P5.00mm","470uF 25V / 10V electrolytic","hand","C4 is 25V, C8 is 10V"
"C6,C7","C_0603","1uF X7R 16V","SMT","required by the MCP1700"
"C9","C_0805","10uF X7R 16V","SMT",""
"D1","D_SMA","SS34","SMT","cathode ring faces the load"
"D2","D_SMB","SMBJ5.0A","SMT","cathode to +VBATT"
"F1","R_1812","PTC 2.6A hold","SMT","resettable"
"JP1","R_0603","0R","SMT","links 3V3P straight to 3V3REG. Fitted by default; remove it if U2 is ever populated"
"J2,J6","TerminalBlock 1x02 P3.50","pluggable 3.5mm, 2-way","hand","to the WaziSense"
"J3,J4","TerminalBlock 1x03 P3.50","pluggable 3.5mm, 3-way","hand","to the WaziSense"
"J5","TerminalBlock 1x04 P3.50","pluggable 3.5mm, 4-way","hand","to the WaziSense"
"J7,J9","SMA_Amphenol_132134-10","SMA jack, vertical","hand","pH and EC electrodes"
"J8","TerminalBlock 1x02 P3.50","2-way","hand","A/B down from the MAX3485 screw terminal"
"Q1,Q3","SOT-23","AO3401A","SMT","P-channel pass element"
"Q2,Q4","SOT-23","2N7002","SMT","gate level shifter"
"R1,R3,R4,R6","R_0603","100k 1%","SMT","gate pull-up / pull-down"
"R2,R5","R_0603","10k 1%","SMT","GPIO series"
"R7,R8","R_0603","680R 1%","SMT","RS485 fail-safe bias. R8 returns to SWGND"
"R9","R_0603","4k7 1%","SMT","1-Wire pull-up - MANDATORY"
"R11,R12","R_0603","47k 1%","DNP","isolators carry their own 4k7 both sides"
"RT1","R_0603","120R 1%","SMT","the only terminator on the bus"
"U1","Pololu_U3V9F12","Pololu U3V9F12","hand","1=VOUT 2=GND 3=VIN"
"U2","SOT-23","MCP1700T-3302E/TT","DNP","alternative to JP1, NOT both. Only useful if 3V3P is ever fed from a higher rail - an MCP1700 cannot regulate 3.3 V out of 3.3 V in"
"U3","MAX3485_Module","MAX3485 auto-direction module","hand","stands 53mm tall, fix with adhesive pad"
"U4,U5","BE_IVI_Isolator","Atlas Basic EZO inline voltage isolator","hand","OFF pin left open"
"U6,U7","EZO_Circuit","Atlas EZO-pH / EZO-EC","hand",""
"X1","TerminalBlock 1x02 P3.50","2-way screw","hand","18650 cell"
"X2","TerminalBlock 1x03 P3.50","3-way screw","hand","DS18B20: 3V3REG / DQ / SWGND"
"X3,X4","TerminalBlock 1x04 P3.50","4-way screw","hand","+12V GND A B, one block per probe"
"H1,H2,H3,H4","MountingHole_3.2mm_M3","M3","mech",""
