Ref,Val,Package,PosX,PosY,Rot,Side
"C1","100uF","CP_Radial_D8.0mm_P3.50mm",42.000000,-45.000000,0.000000,top
"C3","100nF","C_0603_1608Metric",44.000000,-54.000000,0.000000,top
"C4","470uF","CP_Radial_D10.0mm_P5.00mm",48.000000,-66.000000,0.000000,top
"C5","100nF","C_0603_1608Metric",44.000000,-76.000000,0.000000,top
"C6","1uF","C_0603_1608Metric",38.000000,-88.000000,0.000000,top
"C7","1uF","C_0603_1608Metric",44.000000,-88.000000,0.000000,top
"C8","470uF","CP_Radial_D10.0mm_P5.00mm",64.000000,-66.000000,0.000000,top
"C9","10uF","C_0805_2012Metric",60.000000,-74.000000,0.000000,top
"C10","100nF","C_0603_1608Metric",65.000000,-74.000000,0.000000,top
"D1","SS34","D_SMA",52.000000,-38.000000,0.000000,top
"D2","SMBJ5.0A","D_SMB",53.000000,-50.000000,0.000000,top
"F1","PTC 2.6A","R_1812_4532Metric",45.000000,-38.000000,0.000000,top
"J2","SW_1","TerminalBlock_4Ucon_1x02_P3.50mm_Vertical",40.000000,-27.000000,180.000000,top
"J3","ANALOG","TerminalBlock_4Ucon_1x03_P3.50mm_Vertical",54.000000,-27.000000,180.000000,top
"J4","DIGITAL","TerminalBlock_4Ucon_1x03_P3.50mm_Vertical",70.000000,-27.000000,180.000000,top
"J5","I2C_PORT","TerminalBlock_4Ucon_1x04_P3.50mm_Vertical",88.000000,-27.000000,180.000000,top
"J6","BAT_IN","TerminalBlock_4Ucon_1x02_P3.50mm_Vertical",106.000000,-27.000000,180.000000,top
"J7","SMA pH","SMA_Amphenol_132291_Vertical",84.000000,-113.000000,0.000000,top
"J8","A/B","TerminalBlock_4Ucon_1x02_P3.50mm_Vertical",68.000000,-51.000000,0.000000,top
"J9","SMA EC","SMA_Amphenol_132291_Vertical",106.000000,-113.000000,0.000000,top
"JP1","0R DNP","R_0603_1608Metric",32.000000,-92.000000,0.000000,top
"Q1","AO3401A","SOT-23",32.000000,-54.000000,0.000000,top
"Q2","2N7002","SOT-23",38.000000,-54.000000,0.000000,top
"Q3","AO3401A","SOT-23",32.000000,-76.000000,0.000000,top
"Q4","2N7002","SOT-23",38.000000,-76.000000,0.000000,top
"R1","100k","R_0603_1608Metric",32.000000,-58.000000,0.000000,top
"R2","10k","R_0603_1608Metric",38.000000,-58.000000,0.000000,top
"R3","100k","R_0603_1608Metric",44.000000,-58.000000,0.000000,top
"R4","100k","R_0603_1608Metric",32.000000,-80.000000,0.000000,top
"R5","10k","R_0603_1608Metric",38.000000,-80.000000,0.000000,top
"R6","100k","R_0603_1608Metric",44.000000,-80.000000,0.000000,top
"R7","680R","R_0603_1608Metric",65.000000,-58.000000,0.000000,top
"R8","680R","R_0603_1608Metric",70.000000,-58.000000,0.000000,top
"R9","4k7","R_0603_1608Metric",40.000000,-100.000000,0.000000,top
"R11","47k DNP","R_0603_1608Metric",84.000000,-50.000000,180.000000,top
"R12","47k DNP","R_0603_1608Metric",84.000000,-46.000000,180.000000,top
"RT1","120R","R_0603_1608Metric",60.000000,-58.000000,0.000000,top
"U1","U3V9F12","Pololu_U3V9F12",34.000000,-67.000000,0.000000,top
"U2","MCP1700-3302","SOT-23",32.000000,-88.000000,0.000000,top
"U3","MAX3485","MAX3485_Module",68.000000,-41.000000,0.000000,top
"U4","BE-IVI pH","BE_IVI_Isolator",84.000000,-70.000000,-90.000000,top
"U5","BE-IVI EC","BE_IVI_Isolator",106.000000,-70.000000,-90.000000,top
"U6","EZO-pH","EZO_Circuit",84.000000,-96.000000,-90.000000,top
"U7","EZO-EC","EZO_Circuit",106.000000,-96.000000,-90.000000,top
"X1","CELL","TerminalBlock_4Ucon_1x02_P3.50mm_Vertical",32.000000,-40.000000,0.000000,top
"X2","DS18B20","TerminalBlock_4Ucon_1x03_P3.50mm_Vertical",29.000000,-113.000000,0.000000,top
"X3","PROBE1","TerminalBlock_4Ucon_1x04_P3.50mm_Vertical",46.000000,-113.000000,0.000000,top
"X4","PROBE2","TerminalBlock_4Ucon_1x04_P3.50mm_Vertical",65.000000,-113.000000,0.000000,top
