Designator,Mid X,Mid Y,Layer,Rotation
C3,44.000000,-54.000000,Top,0.000000
C5,44.000000,-76.000000,Top,0.000000
C6,38.000000,-88.000000,Top,0.000000
C7,44.000000,-88.000000,Top,0.000000
C9,60.000000,-74.000000,Top,0.000000
C10,65.000000,-74.000000,Top,0.000000
D1,52.000000,-38.000000,Top,0.000000
D2,53.000000,-50.000000,Top,0.000000
F1,45.000000,-38.000000,Top,0.000000
JP1,32.000000,-92.000000,Top,0.000000
Q1,32.000000,-54.000000,Top,0.000000
Q2,38.000000,-54.000000,Top,0.000000
Q3,32.000000,-76.000000,Top,0.000000
Q4,38.000000,-76.000000,Top,0.000000
R1,32.000000,-58.000000,Top,0.000000
R2,38.000000,-58.000000,Top,0.000000
R3,44.000000,-58.000000,Top,0.000000
R4,32.000000,-80.000000,Top,0.000000
R5,38.000000,-80.000000,Top,0.000000
R6,44.000000,-80.000000,Top,0.000000
R7,65.000000,-58.000000,Top,0.000000
R8,70.000000,-58.000000,Top,0.000000
R9,40.000000,-100.000000,Top,0.000000
RT1,60.000000,-58.000000,Top,0.000000
