Comment,Designator,Footprint,LCSC Part #
100uF 10V electrolytic,C1,CP_Radial_D8.0mm_P3.50mm,
100nF X7R 50V,"C10,C3,C5",C_0603,
470uF 25V / 10V electrolytic,"C4,C8",CP_Radial_D10.0mm_P5.00mm,
1uF X7R 16V,"C6,C7",C_0603,
10uF X7R 16V,C9,C_0805,
SS34,D1,D_SMA,
SMBJ5.0A,D2,D_SMB,
PTC 2.6A hold,F1,R_1812,
"screw terminal 2P, 3.50 mm (KF128-3.5-2P or equal)","J2,J6,J8,X1",TerminalBlock 1x02 P3.50,
"screw terminal 3P, 3.50 mm (KF128-3.5-3P or equal)","J3,J4,X2",TerminalBlock 1x03 P3.50,
"screw terminal 4P, 3.50 mm (KF128-3.5-4P or equal)","J5,X3,X4",TerminalBlock 1x04 P3.50,
"SMA jack, vertical","J7,J9",SMA_Amphenol_132134-10,
0R,JP1,R_0603,
AO3401A,"Q1,Q3",SOT-23,
2N7002,"Q2,Q4",SOT-23,
100k 1%,"R1,R3,R4,R6",R_0603,
10k 1%,"R2,R5",R_0603,
680R 1%,"R7,R8",R_0603,
4k7 1%,R9,R_0603,
120R 1%,RT1,R_0603,
"female header 1x3, 2.54 mm","U1,U6A,U6B,U7A,U7B",PinSocket_1x03_P2.54mm,
"female header 1x4, 2.54 mm",U3,PinSocket_1x04_P2.54mm,
"female header 1x5, 2.54 mm","U4A,U4B,U5A,U5B",PinSocket_1x05_P2.54mm,
